"OldName","NewName","Title","Type"
"Бюджетный кодекс Российской Федерации  от 31_07_1998 N 145-.xml","byudzhetnyi-kodeks-rossiiskoi-federatsii-ot-31-07-1998-n-145-fz-red-ot-26-06-2026-s-izm-i-dop-vstup-v-silu-s-01-07-2026--124297b4.xml","Бюджетный кодекс Российской Федерации"" от 31.07.1998 N 145-ФЗ (ред. от 26.06.2026) (с изм. и доп., вступ. в силу с 01.07.2026)","code"
"Земельный кодекс Российской Федерации  от 25_10_2001 N 136-.xml","zemelnyi-kodeks-rossiiskoi-federatsii-ot-25-10-2001-n-136-fz-red-ot-02-05-2026-s-izm-i-dop-vstup-v-silu-s-01-07-2026--77238147.xml","Земельный кодекс Российской Федерации"" от 25.10.2001 N 136-ФЗ (ред. от 02.05.2026) (с изм. и доп., вступ. в силу с 01.07.2026)","code"
"Кодекс Российской Федерации об административных правонаруше.xml","kodeks-rossiiskoi-federatsii-ob-administrativnykh-pravonarusheniyakh-ot-30-12-2001-n-195-fz-red-ot-04-07-2026-s-izm-i-dop-vstup-v-silu--b4fd4ec6.xml","Кодекс Российской Федерации об административных правонарушениях"" от 30.12.2001 N 195-ФЗ (ред. от 04.07.2026) (с изм. и доп., вступ. в силу с 07.07.2026)","code"
"Обзор изменений Федерального закона от 05_04_2013 N 44-ФЗ  О.xml","obzor-izmenenii-federalnogo-zakona-ot-05-04-2013-n-44-fz-o-kontraktnoi-sisteme-v-sfere-zakupok-tovarov-rabot-uslug-dlya-obespecheniya-g--276d34f7.xml","Обзор изменений Федерального закона от 05.04.2013 N 44-ФЗ ""О контрактной системе в сфере закупок товаров, работ, услуг для обеспечения государственных и муниципальных нужд","review"
"Обзор нарушений и недостатков, выявленных Федеральным казна.xml","obzor-narushenii-i-nedostatkov-vyyavlennykh-federalnym-kaznacheistvom-v-khode-osushchestvleniya-kontrolya-v-finansovo-byudzhetnoi-sfere--e41545c4.xml","Обзор нарушений и недостатков, выявленных Федеральным казначейством в ходе осуществления контроля в финансово-бюджетной сфере в субъектах Российской Федерации, а также мер воздействия на причины нарушений и недостатков системного и систематического характера в финансово-бюджетной сфере за II полугодие 2025 года","review"
"Обзор недостатков и нарушений, выявленных Федеральным казна.xml","obzor-nedostatkov-i-narushenii-vyyavlennykh-federalnym-kaznacheistvom-v-khode-osushchestvleniya-kontrolya-v-finansovo-byudzhetnoi-sfere--bef0d103.xml","Обзор недостатков и нарушений, выявленных Федеральным казначейством в ходе осуществления контроля в финансово-бюджетной сфере в субъектах Российской Федерации в первом полугодии 2025 года, а также положительной практики, направленной на предупреждение нарушений в финансово-бюджетной сфере","review"
"Обзор результатов осуществления Федеральным казначейством к.xml","obzor-rezultatov-osushchestvleniya-federalnym-kaznacheistvom-kontrolnoi-deyatelnosti-v-finansovo-byudzhetnoi-sfere-v-otnoshenii-glavnyk--49897501.xml","Обзор результатов осуществления Федеральным казначейством контрольной деятельности в финансово-бюджетной сфере в отношении главных распорядителей средств федерального бюджета, распорядителей, получателей средств федерального бюджета и органов управления государственными внебюджетными фондами, выявленных системных и систематических нарушений и недостатков, а также мер воздействия на причины нарушений и недостатков системного и систематического характера в финансово-бюджетной сфере за II полугодие 2025 года","review"
"Обзор судебной практики Верховного Суда Российской Федераци 2026-1.xml","obzor-sudebnoi-praktiki-verkhovnogo-suda-rossiiskoi-federatsii-n-1-2026-utv-postanovleniem-prezidiuma-verkhovnogo-suda-rf-ot-25-03-2026--353c3fc0.xml","Обзор судебной практики Верховного Суда Российской Федерации N 1 (2026)"" (утв. Постановлением Президиума Верховного Суда РФ от 25.03.2026 N 5А/2026)","review"
"Обзор судебной практики Верховного Суда Российской Федераци.xml","obzor-sudebnoi-praktiki-verkhovnogo-suda-rossiiskoi-federatsii-n-3-2022-utv-prezidiumom-verkhovnogo-suda-rf-21-12-2022-red-ot-25-03-202--e84b5bd5.xml","Обзор судебной практики Верховного Суда Российской Федерации N 3 (2022)"" (утв. Президиумом Верховного Суда РФ 21.12.2022) (ред. от 25.03.2026)","review"
"Обзор судебной практики Верховного Суда Российской Федераци2.xml","obzor-sudebnoi-praktiki-verkhovnogo-suda-rossiiskoi-federatsii-n-2-2025-utv-prezidiumom-verkhovnogo-suda-rf-18-06-2025-red-ot-19-11-202--7ae2a955.xml","Обзор судебной практики Верховного Суда Российской Федерации N 2 (2025)"" (утв. Президиумом Верховного Суда РФ 18.06.2025) (ред. от 19.11.2025)","review"
"Обзор судебной практики, связанной с привлечением к админис.xml","obzor-sudebnoi-praktiki-svyazannoi-s-privlecheniem-k-administrativnoi-otvetstvennosti-za-narusheniya-antimonopolnogo-zakonodatelstva-ut--4bb378ff.xml","Обзор судебной практики, связанной с привлечением к административной ответственности за нарушения антимонопольного законодательства"" (утв. Президиумом Верховного Суда РФ 25.04.2025) (ред. от 22.12.2025)","review"
"ОК 029-2014 (КДЕС Ред_ 2)_ Общероссийский классификатор вид.xml","ok-029-2014-kdes-red-2-obshcherossiiskii-klassifikator-vidov-ekonomicheskoi-deyatelnosti-utv-prikazom-rosstandarta-ot-31-01-2014-n-14-s--ae072cec.xml","ОК 029-2014 (КДЕС Ред. 2). Общероссийский классификатор видов экономической деятельности"" (утв. Приказом Росстандарта от 31.01.2014 N 14-ст) (ред. от 14.05.2026)","classifier"
"ОК 034-2014 (КПЕС 2008)_ Общероссийский классификатор проду.xml","ok-034-2014-kpes-2008-obshcherossiiskii-klassifikator-produktsii-po-vidam-ekonomicheskoi-deyatelnosti-utv-prikazom-rosstandarta-ot-31-0--dc2109f9.xml","ОК 034-2014 (КПЕС 2008). Общероссийский классификатор продукции по видам экономической деятельности"" (утв. Приказом Росстандарта от 31.01.2014 N 14-ст) (ред. от 11.06.2026)","classifier"
"Определение Верховного Суда РФ от 03_07_2026 N 310-ЭС26-4320.xml","opredelenie-verkhovnogo-suda-rf-ot-03-07-2026-n-310-es26-4320-po-delu-n-a48-2335-2025-trebovanie-o-peresmotre-v-kassatsionnom-poryadke--d3b817a9.xml","Определение Верховного Суда РФ от 03.07.2026 N 310-ЭС26-4320 по делу N А48-2335/2025 Требование: О пересмотре в кассационном порядке судебных актов по делу о признании недействительным решения контрольного органа об отказе в согласовании заключения контракта с единственным поставщиком. Обжалуемый результат спора: Требование удовлетворено. Решение: Дело передано в Судебную коллегию по экономическим спорам ВС РФ, поскольку довод о том, что неприменение дополнительных требований, установленных Постановлением П","court-or-authority-decision"
"Определение Седьмого кассационного суда общей юрисдикции от.xml","opredelenie-sedmogo-kassatsionnogo-suda-obshchei-yurisdiktsii-ot-10-06-2026-n-88-8444-2026-uid-66rs0044-01-2023-005497-11-kategoriya-sp--12ad6325.xml","Определение Седьмого кассационного суда общей юрисдикции от 10.06.2026 N 88-8444/2026 (УИД 66RS0044-01-2023-005497-11) Категория спора: Подряд. Требования заказчика: О взыскании штрафа. Обстоятельства: Истец указал на ненадлежащее исполнение ответчиком обязательств по государственному контракту. Решение: Отказано.","court-or-authority-decision"
"Письмо  Минстроя России от 07_05_2026 N 27735-АЛ 02  Об уст.xml","pismo-minstroya-rossii-ot-07-05-2026-n-27735-al-02-ob-ustanovlenii-trebovanii-o-chlenstve-v-samoreguliruemoi-organizatsii--06cf65ce.xml","<Письмо> Минстроя России от 07.05.2026 N 27735-АЛ/02 <Об установлении требований о членстве в саморегулируемой организации>","letter"
"Письмо  Минстроя России от 13_03_2026 N 13623-АВ 09  О пере.xml","pismo-minstroya-rossii-ot-13-03-2026-n-13623-av-09-o-perechne-dokumentov-aktov-o-priemke-rezultata-vypolnennykh-rabot-po-dogovoru-stroi--866d2575.xml","<Письмо> Минстроя России от 13.03.2026 N 13623-АВ/09 <О перечне документов (актов) о приемке результата выполненных работ по договору строительного подряда (контракту)>","letter"
"Постановление Арбитражного суда Волго-Вятского округа от 06_.xml","postanovlenie-arbitrazhnogo-suda-volgo-vyatskogo-okruga-ot-06-07-2026-n-f01-7581-2026-po-delu-n-a39-5259-2025-trebovanie-o-priznanii-ne--c6b081b3.xml","Постановление Арбитражного суда Волго-Вятского округа от 06.07.2026 N Ф01-7581/2026 по делу N А39-5259/2025 Требование: О признании недействительными решения и предписания антимонопольного органа. Обстоятельства: Антимонопольный орган решением признал жалобу общества на действия заказчика, осуществленные при проведении запроса котировок на закупку медицинских изделий (в части описания объекта закупки), обоснованной, а заказчика - нарушившим ч. 2 ст. 8, п. 1 ч. 1 ст. 33 и п. 1 ч. 2 ст. 42 ФЗ от 05.04.2013 N","resolution"
"Постановление Арбитражного суда Восточно-Сибирского округа о.xml","postanovlenie-arbitrazhnogo-suda-vostochno-sibirskogo-okruga-ot-29-06-2026-n-f02-1611-2026-po-delu-n-a33-10080-2023-trebovanie-o-prizna--01819602.xml","Постановление Арбитражного суда Восточно-Сибирского округа от 29.06.2026 N Ф02-1611/2026 по делу N А33-10080/2023 Требование: О признании недействительными электронного аукциона, муниципального контракта, применении последствий недействительности ничтожной сделки путем взыскания в доход муниципального образования денежных средств. Обстоятельства: В период исполнения контракта сторонами внесены изменения в части указания места вывоза отходов. Решение: Требование удовлетворено, поскольку в результате заключен","resolution"
"Постановление Арбитражного суда Дальневосточного округа от 0.xml","postanovlenie-arbitrazhnogo-suda-dalnevostochnogo-okruga-ot-03-07-2026-n-f03-913-2026-po-delu-n-a73-13075-2025-trebovanie-o-vzyskanii-d--d9e2d6ac.xml","Постановление Арбитражного суда Дальневосточного округа от 03.07.2026 N Ф03-913/2026 по делу N А73-13075/2025 Требование: О взыскании долга за оказанные услуги связи по государственному контракту. Обстоятельства: Заказчиком не оплачены оказанные исполнителем услуги по предоставлению доступа к сети Интернет, претензия с требованием оплатить долг не удовлетворена. Решение: Требование удовлетворено, поскольку факт предоставления услуг связи доказан при отсутствии доказательств их оплаты.","resolution"
"Постановление Первого арбитражного апелляционного суда от 02.xml","postanovlenie-pervogo-arbitrazhnogo-apellyatsionnogo-suda-ot-02-07-2026-n-01ap-3115-2026-po-delu-n-a43-35691-2025-trebovanie-o-priznani--9cbeb8ca.xml","Постановление Первого арбитражного апелляционного суда от 02.07.2026 N 01АП-3115/2026 по делу N А43-35691/2025 Требование: О признании недействительным решения антимонопольного органа о включении сведений об обществе в реестр недобросовестных поставщиков. Решение: В удовлетворении требования отказано.","resolution"
"Постановление Пленума Верховного Суда РФ от 24_03_2016 N 7 (.xml","postanovlenie-plenuma-verkhovnogo-suda-rf-ot-24-03-2016-n-7-red-ot-22-06-2021-o-primenenii-sudami-nekotorykh-polozhenii-grazhdanskogo-k--15845971.xml","Постановление Пленума Верховного Суда РФ от 24.03.2016 N 7 (ред. от 22.06.2021) ""О применении судами некоторых положений Гражданского кодекса Российской Федерации об ответственности за нарушение обязательств","resolution"
"Постановление Правительства Москвы от 25_12_2015 N 954-ПП (р.xml","postanovlenie-pravitelstva-moskvy-ot-25-12-2015-n-954-pp-red-ot-24-02-2026-ob-opredelenii-trebovanii-k-zakupaemym-organami-ispolnitelno--1de99445.xml","Постановление Правительства Москвы от 25.12.2015 N 954-ПП (ред. от 24.02.2026) ""Об определении требований к закупаемым органами исполнительной власти города Москвы, иными государственными органами города Москвы и подведомственными им государственными бюджетными и казенными учреждениями города Москвы, государственными унитарными предприятиями города Москвы отдельным видам товаров, работ, услуг (в том числе предельных цен товаров, работ, услуг)"" (вместе с ""Правилами определения требований к закупаемым органам","resolution"
"Постановление Правительства РФ от 02_09_2015 N 926 (ред_ от.xml","postanovlenie-pravitelstva-rf-ot-02-09-2015-n-926-red-ot-12-06-2025-ob-utverzhdenii-obshchikh-pravil-opredeleniya-trebovanii-k-zakupaem--e6c4a931.xml","Постановление Правительства РФ от 02.09.2015 N 926 (ред. от 12.06.2025) ""Об утверждении Общих правил определения требований к закупаемым заказчиками отдельным видам товаров, работ, услуг (в том числе предельных цен товаров, работ, услуг)","resolution"
"Постановление Правительства РФ от 06_10_2025 N 1546  О типов.xml","postanovlenie-pravitelstva-rf-ot-06-10-2025-n-1546-o-tipovykh-usloviyakh-kontraktov-na-okazanie-uslug-po-provedeniyu-stroitelnogo-kontr--e269f805.xml","Постановление Правительства РФ от 06.10.2025 N 1546 ""О типовых условиях контрактов на оказание услуг по проведению строительного контроля, заключаемых в соответствии с законодательством Российской Федерации о контрактной системе в сфере закупок товаров, работ, услуг для обеспечения государственных и муниципальных нужд","resolution"
"Постановление Правительства РФ от 08_02_2017 N 145 (ред_ от.xml","postanovlenie-pravitelstva-rf-ot-08-02-2017-n-145-red-ot-23-12-2024-ob-utverzhdenii-pravil-formirovaniya-i-vedeniya-v-edinoi-informatsi--9299200a.xml","Постановление Правительства РФ от 08.02.2017 N 145 (ред. от 23.12.2024) ""Об утверждении Правил формирования и ведения в единой информационной системе в сфере закупок каталога товаров, работ, услуг для обеспечения государственных и муниципальных нужд и Правил использования каталога товаров, работ, услуг для обеспечения государственных и муниципальных нужд","resolution"
"Постановление Правительства РФ от 08_07_2022 N 1224  Об особ.xml","postanovlenie-pravitelstva-rf-ot-08-07-2022-n-1224-ob-osobennostyakh-opisaniya-otdelnykh-vidov-tovarov-yavlyayushchikhsya-obektom-zakup--871d656f.xml","Постановление Правительства РФ от 08.07.2022 N 1224 ""Об особенностях описания отдельных видов товаров, являющихся объектом закупки для обеспечения государственных и муниципальных нужд, при закупках которых предъявляются экологические требования","resolution"
"Постановление Правительства РФ от 08_11_2013 N 1005 (ред_ от.xml","postanovlenie-pravitelstva-rf-ot-08-11-2013-n-1005-red-ot-26-12-2024-o-nezavisimykh-garantiyakh-ispolzuemykh-dlya-tselei-federalnogo-za--f101c16f.xml","Постановление Правительства РФ от 08.11.2013 N 1005 (ред. от 26.12.2024) ""О независимых гарантиях, используемых для целей Федерального закона ""О контрактной системе в сфере закупок товаров, работ, услуг для обеспечения государственных и муниципальных нужд"" (вместе с ""Дополнительными требованиями к независимой гарантии, используемой для целей Федерального закона ""О контрактной системе в сфере закупок товаров, работ, услуг для обеспечения государственных и муниципальных нужд"", ""Правилами ведения и размещения","resolution"
"Постановление Правительства РФ от 10_07_2019 N 878 (ред_ от.xml","postanovlenie-pravitelstva-rf-ot-10-07-2019-n-878-red-ot-13-04-2026-o-merakh-stimulirovaniya-proizvodstva-radioelektronnoi-produktsii-n--ed9a9370.xml","Постановление Правительства РФ от 10.07.2019 N 878 (ред. от 13.04.2026) ""О мерах стимулирования производства радиоэлектронной продукции на территории Российской Федерации при осуществлении закупок товаров, работ, услуг для обеспечения государственных и муниципальных нужд, о внесении изменений в постановление Правительства Российской Федерации от 16 сентября 2016 г. N 925 и признании утратившими силу некоторых актов Правительства Российской Федерации"" (вместе с ""Правилами формирования и ведения единого реест","resolution"
"Постановление Правительства РФ от 12_06_2026 N 736  О центра.xml","postanovlenie-pravitelstva-rf-ot-12-06-2026-n-736-o-tsentralizatsii-zakupok-otdelnykh-vidov-lekarstvennykh-preparatov-dlya-meditsinskog--0ab4075b.xml","Постановление Правительства РФ от 12.06.2026 N 736 ""О централизации закупок отдельных видов лекарственных препаратов для медицинского применения и медицинских изделий для обеспечения государственных нужд в целях реализации мероприятий (результатов) федеральных проектов, входящих в состав национальных проектов ""Продолжительная и активная жизнь"" и ""Семья"" (вместе с ""Правилами взаимодействия государственных заказчиков с федеральным казенным учреждением ""Федеральный центр планирования и организации лекарственно","resolution"
"Постановление Правительства РФ от 12_06_2026 N 737  О центра.xml","postanovlenie-pravitelstva-rf-ot-12-06-2026-n-737-o-tsentralizatsii-zakupok-otdelnykh-vidov-meditsinskikh-izdelii-dlya-obespecheniya-go--7486d25f.xml","Постановление Правительства РФ от 12.06.2026 N 737 ""О централизации закупок отдельных видов медицинских изделий для обеспечения государственных нужд в целях реализации мероприятий (результатов) федерального проекта ""Борьба с сахарным диабетом"", входящего в состав национального проекта ""Продолжительная и активная жизнь"" (вместе с ""Правилами взаимодействия государственных заказчиков с федеральным казенным учреждением ""Федеральный центр планирования и организации лекарственного обеспечения граждан"" Министерств","resolution"
"Постановление Правительства РФ от 15_04_2026 N 416  Об измен.xml","postanovlenie-pravitelstva-rf-ot-15-04-2026-n-416-ob-izmenenii-sushchestvennykh-uslovii-kontraktov-zaklyuchennykh-dlya-obespecheniya-fe--42072b55.xml","Постановление Правительства РФ от 15.04.2026 N 416 ""Об изменении существенных условий контрактов, заключенных для обеспечения федеральных нужд, в связи с увеличением с 1 января 2026 г. в соответствии с законодательством Российской Федерации налоговой ставки по налогу на добавленную стоимость","resolution"
"Постановление Правительства РФ от 16_05_2011 N 373 (ред_ от.xml","postanovlenie-pravitelstva-rf-ot-16-05-2011-n-373-red-ot-20-07-2021-o-razrabotke-i-utverzhdenii-administrativnykh-reglamentov-osushches--a07065f6.xml","Постановление Правительства РФ от 16.05.2011 N 373 (ред. от 20.07.2021) ""О разработке и утверждении административных регламентов осуществления государственного контроля (надзора) и административных регламентов предоставления государственных услуг"" (вместе с ""Правилами разработки и утверждения административных регламентов осуществления государственного контроля (надзора)"", ""Правилами разработки и утверждения административных регламентов предоставления государственных услуг"", ""Правилами проведения экспертизы","resolution"
"Постановление Правительства РФ от 16_11_2015 N 1236 (ред_ от.xml","postanovlenie-pravitelstva-rf-ot-16-11-2015-n-1236-red-ot-09-12-2025-ob-utverzhdenii-pravil-formirovaniya-i-vedeniya-edinogo-reestra-ro--fca6af69.xml","Постановление Правительства РФ от 16.11.2015 N 1236 (ред. от 09.12.2025) ""Об утверждении Правил формирования и ведения единого реестра российских программ для электронных вычислительных машин и баз данных и единого реестра программ для электронных вычислительных машин и баз данных из государств - членов Евразийского экономического союза, за исключением Российской Федерации"" (с изм. и доп., вступ. в силу с 01.03.2026)","resolution"
"Постановление Правительства РФ от 18_03_2026 N 287  О федера.xml","postanovlenie-pravitelstva-rf-ot-18-03-2026-n-287-o-federalnom-organe-ispolnitelnoi-vlasti-upolnomochennom-na-ustanovlenie-poryadka-opr--d45f3b8c.xml","Постановление Правительства РФ от 18.03.2026 N 287 ""О федеральном органе исполнительной власти, уполномоченном на установление порядка определения начальной (максимальной) цены контракта, цены контракта, заключаемого с единственным поставщиком (подрядчиком, исполнителем), начальной цены единицы товара, работы, услуги при осуществлении закупок услуг по защите объектов транспортной инфраструктуры от актов незаконного вмешательства, в том числе защите от противоправных посягательств","resolution"
"Постановление Правительства РФ от 20_10_2014 N 1084 (ред_ от.xml","postanovlenie-pravitelstva-rf-ot-20-10-2014-n-1084-red-ot-31-10-2024-o-poryadke-opredeleniya-normativnykh-zatrat-na-obespechenie-funkts--71673343.xml","Постановление Правительства РФ от 20.10.2014 N 1084 (ред. от 31.10.2024) ""О порядке определения нормативных затрат на обеспечение функций федеральных государственных органов, органов управления государственными внебюджетными фондами Российской Федерации, определенных в соответствии с Бюджетным кодексом Российской Федерации наиболее значимых учреждений науки, образования, культуры и здравоохранения, включая соответственно территориальные органы и подведомственные казенные учреждения, а также Государственной","resolution"
"Постановление Правительства РФ от 21_06_2012 N 616 (ред_ от.xml","postanovlenie-pravitelstva-rf-ot-21-06-2012-n-616-red-ot-30-12-2015-ob-utverzhdenii-perechnya-tovarov-rabot-i-uslug-zakupka-kotorykh-os--b479cc6c.xml","Постановление Правительства РФ от 21.06.2012 N 616 (ред. от 30.12.2015) ""Об утверждении перечня товаров, работ и услуг, закупка которых осуществляется в электронной форме","resolution"
"Постановление Правительства РФ от 23_05_2026 N 590  О внесен.xml","postanovlenie-pravitelstva-rf-ot-23-05-2026-n-590-o-vnesenii-izmenenii-v-nekotorye-akty-pravitelstva-rossiiskoi-federatsii--eb8f2bad.xml","Постановление Правительства РФ от 23.05.2026 N 590 ""О внесении изменений в некоторые акты Правительства Российской Федерации","resolution"
"Постановление Правительства РФ от 23_12_2024 N 1875 (ред_ от.xml","postanovlenie-pravitelstva-rf-ot-23-12-2024-n-1875-red-ot-03-07-2026-o-merakh-po-predostavleniyu-natsionalnogo-rezhima-pri-osushchestvl--ac6afca0.xml","Постановление Правительства РФ от 23.12.2024 N 1875 (ред. от 03.07.2026) ""О мерах по предоставлению национального режима при осуществлении закупок товаров, работ, услуг для обеспечения государственных и муниципальных нужд, закупок товаров, работ, услуг отдельными видами юридических лиц"" (вместе с ""Положением о требованиях к форме и содержанию отчета об объеме закупок товаров российского происхождения, работ, услуг, соответственно выполняемых, оказываемых российскими гражданами, российскими юридическими лица","resolution"
"Постановление Правительства РФ от 24_12_2022 N 2411 (ред_ от.xml","postanovlenie-pravitelstva-rf-ot-24-12-2022-n-2411-red-ot-30-08-2025-ob-avansirovanii-dogovorov-gosudarstvennykh-kontraktov-o-postavke--a2c100f9.xml","Постановление Правительства РФ от 24.12.2022 N 2411 (ред. от 30.08.2025) ""Об авансировании договоров (государственных контрактов) о поставке промышленных товаров для государственных и муниципальных нужд, а также для нужд обороны страны и безопасности государства","resolution"
"Постановление Правительства РФ от 27_04_2026 N 476  О федера.xml","postanovlenie-pravitelstva-rf-ot-27-04-2026-n-476-o-federalnom-organe-ispolnitelnoi-vlasti-upolnomochennom-na-ustanovlenie-poryadka-opr--b74f7d99.xml","Постановление Правительства РФ от 27.04.2026 N 476 ""О федеральном органе исполнительной власти, уполномоченном на установление порядка определения начальной (максимальной) цены контракта, цены контракта, заключаемого с единственным поставщиком (подрядчиком, исполнителем), и начальной цены единицы товара, работы, услуги при осуществлении закупок технических средств реабилитации и услуг, предоставляемых инвалиду, а также технических средств реабилитации, работ по изготовлению протезов, протезно-ортопедических","resolution"
"Постановление Правительства РФ от 30_09_2019 N 1279 (ред_ от.xml","postanovlenie-pravitelstva-rf-ot-30-09-2019-n-1279-red-ot-02-09-2025-o-planakh-grafikakh-zakupok-i-o-priznanii-utrativshimi-silu-otdeln--0baaae5a.xml","Постановление Правительства РФ от 30.09.2019 N 1279 (ред. от 02.09.2025) ""О планах-графиках закупок и о признании утратившими силу отдельных решений Правительства Российской Федерации"" (вместе с ""Положением о порядке формирования, утверждения планов-графиков закупок, внесения изменений в такие планы-графики, размещения планов-графиков закупок в единой информационной системе в сфере закупок, на официальном сайте такой системы в информационно-телекоммуникационной сети ""Интернет"", об особенностях включения инф","resolution"
"Приказ Минпромторга России от 15_10_2025 N 5073 (ред_ от 04_.xml","prikaz-minpromtorga-rossii-ot-15-10-2025-n-5073-red-ot-04-03-2026-ob-utverzhdenii-metodicheskikh-rekomendatsii-po-provedeniyu-na-territ--d927bd51.xml","Приказ Минпромторга России от 15.10.2025 N 5073 (ред. от 04.03.2026) ""Об утверждении Методических рекомендаций по проведению на территории Российской Федерации эксперимента по ведению каталога, содержащего описание введенных в гражданский оборот товаров конкретного товарного знака, и (или) марки, и (или) модели, созданного для целей осуществления закупок товаров, работ, услуг в соответствии с пунктами 4 и 5 части 1 статьи 93 Федерального закона от 5 апреля 2013 г. N 44-ФЗ ""О контрактной системе в сфере заку","order"
"Приказ Минпромторга России от 28_02_2023 N 639  Об утвержден.xml","prikaz-minpromtorga-rossii-ot-28-02-2023-n-639-ob-utverzhdenii-poryadka-opredeleniya-nachalnoi-maksimalnoi-tseny-kontrakta-tseny-kontra--f068327b.xml","Приказ Минпромторга России от 28.02.2023 N 639 ""Об утверждении Порядка определения начальной (максимальной) цены контракта, цены контракта, заключаемого с единственным поставщиком (подрядчиком, исполнителем), и начальной цены единицы товара, работы, услуги при осуществлении закупок продукции судостроительной промышленности (за исключением продукции, закупка которой осуществляется в рамках государственного оборонного заказа)"" (Зарегистрировано в Минюсте России 04.04.2023 N 72871)","order"
"Приказ Минфина России от 08_10_2024 N 149н  О признании утра.xml","prikaz-minfina-rossii-ot-08-10-2024-n-149n-o-priznanii-utrativshimi-silu-prikaza-ministerstva-finansov-rossiiskoi-federatsii-ot-4-iyuny--4949c2aa.xml","Приказ Минфина России от 08.10.2024 N 149н ""О признании утратившими силу приказа Министерства финансов Российской Федерации от 4 июня 2018 г. N 126н ""Об условиях допуска товаров, происходящих из иностранного государства или группы иностранных государств, для целей осуществления закупок товаров для обеспечения государственных и муниципальных нужд"" и внесенных в него изменений"" (Зарегистрировано в Минюсте России 22.11.2024 N 80288)","order"
"Приказ Минфина России от 16_06_2025 N 74н  Об утверждении По.xml","prikaz-minfina-rossii-ot-16-06-2025-n-74n-ob-utverzhdenii-poryadka-prisvoeniya-primeneniya-a-takzhe-izmeneniya-identifikatsionnykh-kodo--66248b2b.xml","Приказ Минфина России от 16.06.2025 N 74н ""Об утверждении Порядка присвоения, применения, а также изменения идентификационных кодов гарантов и Порядка присвоения, применения, а также изменения идентификационных кодов заказчиков"" (Зарегистрировано в Минюсте России 19.11.2025 N 84215)","order"
"Приказ Минфина России от 25_03_2011 N 33н (ред_ от 04_08_202.xml","prikaz-minfina-rossii-ot-25-03-2011-n-33n-red-ot-04-08-2025-ob-utverzhdenii-instruktsii-o-poryadke-sostavleniya-predstavleniya-godovoi--e80bb7fe.xml","Приказ Минфина России от 25.03.2011 N 33н (ред. от 04.08.2025) ""Об утверждении Инструкции о порядке составления, представления годовой, квартальной бухгалтерской отчетности государственных (муниципальных) бюджетных и автономных учреждений"" (Зарегистрировано в Минюсте России 22.04.2011 N 20558)","order"
"Приказ Минфина России от 31_12_2016 N 256н (ред_ от 13_09_20.xml","prikaz-minfina-rossii-ot-31-12-2016-n-256n-red-ot-13-09-2023-ob-utverzhdenii-federalnogo-standarta-bukhgalterskogo-ucheta-dlya-organiza--4ee50d67.xml","Приказ Минфина России от 31.12.2016 N 256н (ред. от 13.09.2023) ""Об утверждении федерального стандарта бухгалтерского учета для организаций государственного сектора ""Концептуальные основы бухгалтерского учета и отчетности организаций государственного сектора"" (Зарегистрировано в Минюсте России 27.04.2017 N 46517)","order"
"Приказ Минэкономразвития России от 04_06_2010 N 229 (ред_ от.xml","prikaz-minekonomrazvitiya-rossii-ot-04-06-2010-n-229-red-ot-09-06-2016-o-trebovaniyakh-energeticheskoi-effektivnosti-tovarov-ispolzuemy--f8324528.xml","Приказ Минэкономразвития России от 04.06.2010 N 229 (ред. от 09.06.2016) ""О требованиях энергетической эффективности товаров, используемых для создания элементов конструкций зданий, строений, сооружений, в том числе инженерных систем ресурсоснабжения, влияющих на энергетическую эффективность зданий, строений, сооружений"" (Зарегистрировано в Минюсте России 24.06.2010 N 17626)","order"
"Приказ Минэкономразвития России от 22_03_2021 N 131 (ред_ от.xml","prikaz-minekonomrazvitiya-rossii-ot-22-03-2021-n-131-red-ot-17-02-2023-o-trebovaniyakh-energeticheskoi-effektivnosti-v-otnoshenii-tovar--98a2b7b2.xml","Приказ Минэкономразвития России от 22.03.2021 N 131 (ред. от 17.02.2023) ""О требованиях энергетической эффективности в отношении товаров, указанных в приложении к Правилам установления требований энергетической эффективности товаров, работ, услуг при осуществлении закупок для обеспечения государственных и муниципальных нужд, утвержденным постановлением Правительства Российской Федерации от 31 декабря 2009 г. N 1221"" (Зарегистрировано в Минюсте России 20.05.2021 N 63533)","order"
"Приказ Росгвардии от 15_02_2021 N 45  Об утверждении Порядка.xml","prikaz-rosgvardii-ot-15-02-2021-n-45-ob-utverzhdenii-poryadka-opredeleniya-nachalnoi-maksimalnoi-tseny-kontrakta-tseny-kontrakta-zaklyu--f9493f06.xml","Приказ Росгвардии от 15.02.2021 N 45 ""Об утверждении Порядка определения начальной (максимальной) цены контракта, цены контракта, заключаемого с единственным поставщиком (подрядчиком, исполнителем), начальной цены единицы товара, работы, услуги при осуществлении закупок охранных услуг"" (Зарегистрировано в Минюсте России 28.04.2021 N 63259)","order"
"Приказ Росфинмониторинга от 13_05_2026 N 94  Об утверждении.xml","prikaz-rosfinmonitoringa-ot-13-05-2026-n-94-ob-utverzhdenii-trebovanii-k-zakupaemym-federalnoi-sluzhboi-po-finansovomu-monitoringu-i-ee--44d19fed.xml","Приказ Росфинмониторинга от 13.05.2026 N 94 ""Об утверждении требований к закупаемым Федеральной службой по финансовому мониторингу и ее территориальными органами отдельным видам товаров, работ, услуг (в том числе предельных цен товаров, работ, услуг)","order"
"Приказ ФАС России от 15_01_2026 N 16 26  Об утверждении треб.xml","prikaz-fas-rossii-ot-15-01-2026-n-16-26-ob-utverzhdenii-trebovanii-k-zakupaemym-federalnoi-antimonopolnoi-sluzhboi-ee-territorialnymi-o--0264c0ac.xml","Приказ ФАС России от 15.01.2026 N 16/26 ""Об утверждении требований к закупаемым Федеральной антимонопольной службой, ее территориальными органами и подведомственными ей учреждениями отдельным видам товаров, работ, услуг (в том числе предельных цен товаров, работ, услуг)","order"
"Приказ ФАС России от 20_01_2026 N 32 26  Об утверждении Поря.xml","prikaz-fas-rossii-ot-20-01-2026-n-32-26-ob-utverzhdenii-poryadka-deistvii-fas-rossii-i-ee-territorialnykh-organov-v-sluchae-vyyavleniya--10fb2bf1.xml","Приказ ФАС России от 20.01.2026 N 32/26 ""Об утверждении Порядка действий ФАС России и ее территориальных органов в случае выявления нарушений законодательства Российской Федерации о контрактной системе в сфере закупок товаров, работ, услуг для государственных и муниципальных нужд, о закупках товаров, работ, услуг отдельными видами юридических лиц","order"
"Приказ ФАС России от 25_05_2012 N 339 (ред_ от 16_02_2016).xml","prikaz-fas-rossii-ot-25-05-2012-n-339-red-ot-16-02-2016-ob-utverzhdenii-administrativnogo-reglamenta-federalnoi-antimonopolnoi-sluzhby--26bd283c.xml","Приказ ФАС России от 25.05.2012 N 339 (ред. от 16.02.2016) ""Об утверждении административного регламента Федеральной антимонопольной службы по исполнению государственной функции по возбуждению и рассмотрению дел о нарушениях антимонопольного законодательства Российской Федерации"" (Зарегистрировано в Минюсте России 07.08.2012 N 25125)","order"
"Приказ ФСБ России от 08_04_2026 N 136  Об утверждении Перечн.xml","prikaz-fsb-rossii-ot-08-04-2026-n-136-ob-utverzhdenii-perechnya-dokumentov-predstavlyaemykh-v-federalnuyu-sluzhbu-bezopasnosti-rossiisk--9a634157.xml","Приказ ФСБ России от 08.04.2026 N 136 ""Об утверждении Перечня документов, представляемых в Федеральную службу безопасности Российской Федерации в составе обосновывающих документов при представлении предложений о цене (прогнозной цене) продукции, поставляемой по государственному оборонному заказу, в соответствии с подпунктом ""м"" пункта 37 Положения о государственном регулировании цен на продукцию, поставляемую по государственному оборонному заказу, утвержденного постановлением Правительства Российской Федера","order"
"Приказ ФСТЭК России от 24_04_2026 N 120  Об утверждении Треб.xml","prikaz-fstek-rossii-ot-24-04-2026-n-120-ob-utverzhdenii-trebovanii-k-zakupaemym-fstek-rossii-ee-territorialnymi-organami-i-podvedomstve--57826070.xml","Приказ ФСТЭК России от 24.04.2026 N 120 ""Об утверждении Требований к закупаемым ФСТЭК России, ее территориальными органами и подведомственными ей организациями отдельным видам товаров, работ, услуг","order"
"Приказ ФТС России от 16_03_2026 N 204  Об осуществлении Феде.xml","prikaz-fts-rossii-ot-16-03-2026-n-204-ob-osushchestvlenii-federalnoi-tamozhennoi-sluzhboi-ee-territorialnymi-organami-i-uchrezhdeniyami--c8eace7c.xml","Приказ ФТС России от 16.03.2026 N 204 ""Об осуществлении Федеральной таможенной службой, ее территориальными органами и учреждениями, находящимися в ведении ФТС России, полномочий заказчика"" (Зарегистрировано в Минюсте России 21.04.2026 N 86141)","order"
"Распоряжение Правительства РФ от 08_12_2021 N 3500-р (ред_ о.xml","rasporyazhenie-pravitelstva-rf-ot-08-12-2021-n-3500-r-red-ot-12-05-2023-ob-utverzhdenii-perechnei-tovarov-rabot-uslug-pri-osushchestvle--92d539ef.xml","Распоряжение Правительства РФ от 08.12.2021 N 3500-р (ред. от 12.05.2023) <Об утверждении перечней товаров, работ, услуг, при осуществлении закупок которых предоставляются преимущества участникам закупки, являющимися учреждением или предприятием уголовно-исполнительной системы, организацией инвалидов в соответствии со статьями 28 и 29 Федерального закона ""О контрактной системе в сфере закупок товаров, работ, услуг для обеспечения государственных и муниципальных нужд"">","directive"
"Распоряжение Правительства РФ от 16_01_2018 N 21-р (ред_ от.xml","rasporyazhenie-pravitelstva-rf-ot-16-01-2018-n-21-r-red-ot-27-03-2020-ob-utverzhdenii-perechnya-tovarov-i-uslug-v-otnoshenii-kotorykh-p--0db4e799.xml","Распоряжение Правительства РФ от 16.01.2018 N 21-р (ред. от 27.03.2020) <Об утверждении перечня товаров и услуг, в отношении которых при заключении договоров (государственных контрактов) о поставке товаров (оказании услуг) получателями средств федерального бюджета не предусматриваются авансовые платежи>","directive"
"Распоряжение Правительства РФ от 16_08_2025 N 2227-р  Об утв.xml","rasporyazhenie-pravitelstva-rf-ot-16-08-2025-n-2227-r-ob-utverzhdenii-perechnya-istochnikov-informatsii-ispolzuemykh-dlya-tselei-oprede--b5a84d6d.xml","Распоряжение Правительства РФ от 16.08.2025 N 2227-р <Об утверждении перечня источников информации, используемых для целей определения начальной (максимальной) цены контракта, цены контракта, заключаемого с единственным поставщиком (подрядчиком, исполнителем), на поставку технических средств реабилитации и оказание услуг, предоставляемых инвалиду, а также на поставку технических средств реабилитации, выполнение работ по изготовлению протезов, протезно-ортопедических изделий, ортезов и оказание услуг по их р","directive"
"Распоряжение Правительства РФ от 18_12_2025 N 3867-р  Об утв.xml","rasporyazhenie-pravitelstva-rf-ot-18-12-2025-n-3867-r-ob-utverzhdenii-perechnya-zhiznenno-neobkhodimykh-i-vazhneishikh-lekarstvennykh-p--7259f6f6.xml","Распоряжение Правительства РФ от 18.12.2025 N 3867-р <Об утверждении перечня жизненно необходимых и важнейших лекарственных препаратов, а также перечней лекарственных препаратов для медицинского применения и минимального ассортимента лекарственных препаратов, необходимых для оказания медицинской помощи>","directive"
"Распоряжение Правительства РФ от 21_03_2016 N 471-р (ред_ от.xml","rasporyazhenie-pravitelstva-rf-ot-21-03-2016-n-471-r-red-ot-31-10-2022-o-perechne-tovarov-rabot-uslug-v-sluchae-osushchestvleniya-zakup--e127e64d.xml","Распоряжение Правительства РФ от 21.03.2016 N 471-р (ред. от 31.10.2022) <О перечне товаров, работ, услуг, в случае осуществления закупок которых заказчик обязан проводить аукцион в электронной форме (электронный аукцион)>","directive"
"Распоряжение Правительства РФ от 28_04_2018 N 824-р (ред_ от.xml","rasporyazhenie-pravitelstva-rf-ot-28-04-2018-n-824-r-red-ot-16-01-2025-o-sozdanii-edinogo-agregatora-torgovli--a95736a6.xml","Распоряжение Правительства РФ от 28.04.2018 N 824-р (ред. от 16.01.2025) <О создании единого агрегатора торговли>","directive"
"Распоряжение Правительства РФ от 29_09_2025 N 2710-р (ред_ о.xml","rasporyazhenie-pravitelstva-rf-ot-29-09-2025-n-2710-r-red-ot-13-03-2026-o-provedenii-na-territorii-rossiiskoi-federatsii-eksperimenta-p--790b9408.xml","Распоряжение Правительства РФ от 29.09.2025 N 2710-р (ред. от 13.03.2026) <О проведении на территории Российской Федерации эксперимента по ведению каталога, содержащего описание введенных в гражданский оборот товаров конкретного товарного знака, и (или) марки, и (или) модели, созданного для целей осуществления закупок товаров, работ, услуг в соответствии с пунктами 4 и 5 части 1 статьи 93 Федерального закона ""О контрактной системе в сфере закупок товаров, работ, услуг для обеспечения государственных и муниц","directive"
"Регламент функционирования единого агрегатора торговли (Ред.xml","reglament-funktsionirovaniya-edinogo-agregatora-torgovli-redaktsiya-n-20-utv-prikazom-ao-edinyi-agregator-torgovli-ot-28-01-2026-n-3-vm--334e8a67.xml","Регламент функционирования единого агрегатора торговли (Редакция N 20)"" (утв. приказом АО ""Единый агрегатор торговли"" от 28.01.2026 N 3) (вместе с ""Рекомендуемыми требованиями к автоматизированному рабочему месту"", ""Порядком работы пользователей ЕАТ для участия в эксперименте по ведению каталога, содержащего описание введенных в гражданский оборот товаров конкретного товарного знака, и (или) марки, и (или) модели, созданного для целей осуществления закупок товаров, работ, услуг в соответствии с пунктами 4","legal-document"
"Решение Кемеровского УФАС России от 07_05_2026 по делу N 042.xml","reshenie-kemerovskogo-ufas-rossii-ot-07-05-2026-po-delu-n-042-06-105-760-2026-sut-zhaloby-1-tekhnicheskim-kharakteristikam-tovara-ne-so--413c2013.xml","Решение Кемеровского УФАС России от 07.05.2026 по делу N 042/06/105-760/2026 Суть жалобы: 1) Техническим характеристикам товара не соответствует ни одно оборудование российского производства из реестра РЭП; 2) Заказчик не применил Постановление Правительства РФ от 16.11.2015 N 1236. Решение: Жалоба признана необоснованной, так как: 1) техническим характеристикам, установленным в описании объекта закупки, соответствуют товары не менее двух производителей, данные требования не ограничивают количество участник","court-or-authority-decision"
"Решение Совета Евразийской экономической комиссии от 14_09_2.xml","reshenie-soveta-evraziiskoi-ekonomicheskoi-komissii-ot-14-09-2021-n-80-red-ot-01-07-2026-ob-utverzhdenii-edinoi-tovarnoi-nomenklatury-v--1e5dc26f.xml","Решение Совета Евразийской экономической комиссии от 14.09.2021 N 80 (ред. от 01.07.2026) ""Об утверждении единой Товарной номенклатуры внешнеэкономической деятельности Евразийского экономического союза и Единого таможенного тарифа Евразийского экономического союза, а также об изменении и признании утратившими силу некоторых решений Совета Евразийской экономической комиссии","authority-decision"
"Решение ФАС России от 16_06_2026 N 005 06 105-804 2026 Обсто.xml","reshenie-fas-rossii-ot-16-06-2026-n-005-06-105-804-2026-obstoyatelstva-po-mneniyu-zayavitelya-obosnovanie-nachalnoi-maksimalnoi-tseny-k--2ca29d1d.xml","Решение ФАС России от 16.06.2026 N 005/06/105-804/2026 Обстоятельства: По мнению Заявителя, обоснование начальной (максимальной) цены контракта не соответствует законодательству о контрактной системе в сфере закупок, а именно: Заказчиком установлены требования к товару таким образом, что невозможно поставить ни один товар российского производства, что ограничивает количество участников закупки. Решение: Признать жалобу необоснованной.","court-or-authority-decision"
"Решение ФАС России от 16_06_2026 по делу N 050 06 105-20119.xml","reshenie-fas-rossii-ot-16-06-2026-po-delu-n-050-06-105-20119-2026-obstoyatelstva-po-mneniyu-zayavitelya-ego-prava-i-zakonnye-interesy-n--c0114127.xml","Решение ФАС России от 16.06.2026 по делу N 050/06/105-20119/2026 Обстоятельства: По мнению Заявителя, его права и законные интересы нарушены действиями Заказчика ненадлежащим образом установившего положения извещения о проведении Аукциона, а именно: ненадлежащим образом установлена дата окончания срока подачи заявок на участие в Аукционе; установлены требования об актировании, переписке, иных действий, связанных с исполнением контракта в сторонних программных продуктах, кроме Официального сайта; Заказчиком","court-or-authority-decision"
"Решение ФАС России от 17_06_2026 N 048 06 105-547 2026 Обсто.xml","reshenie-fas-rossii-ot-17-06-2026-n-048-06-105-547-2026-obstoyatelstva-v-antimonopolnyi-organ-postupilo-obrashchenie-s-zhaloboi-na-polo--8a9d6306.xml","Решение ФАС России от 17.06.2026 N 048/06/105-547/2026 Обстоятельства: В антимонопольный орган поступило обращение с жалобой на положения извещения о проведении открытого конкурса на оказание услуг. Заявитель указал на нарушения сроков подачи заявок, незаконное указание товарного знака единственного производителя, установление дополнительных характеристик товара, отсутствие технического задания, нарушение правил описания объекта закупки, отсутствие ограничений по постановлениям Правительства РФ, нарушения в","court-or-authority-decision"
"Решение ФАС России от 17_06_2026 по делу N 26 44 104 330 Об.xml","reshenie-fas-rossii-ot-17-06-2026-po-delu-n-26-44-104-330-ob-otkaze-vo-vklyuchenii-svedenii-v-reestr-nedobrosovestnykh-postavshchikov-p--21c1baef.xml","Решение ФАС России от 17.06.2026 по делу N 26/44/104/330 Об отказе во включении сведений в реестр недобросовестных поставщиков (подрядчиков, исполнителей).","court-or-authority-decision"
"Решение ФАС России от 19_06_2026 по делу N 28 06 105-2268 20.xml","reshenie-fas-rossii-ot-19-06-2026-po-delu-n-28-06-105-2268-2025-narushenie-p-3-ch-5-st-44-zakona-o-kontraktnoi-sisteme-reshenie-priznat--9f1b3f25.xml","Решение ФАС России от 19.06.2026 по делу N 28/06/105-2268/2025 Нарушение: п. 3 ч. 5 ст. 44 Закона о контрактной системе. Решение: Признать жалобу необоснованной; передать материалы дела должностному лицу для решения вопроса о возбуждении дела об административном правонарушении.","court-or-authority-decision"
"Решение ФАС России от 19_06_2026 по жалобе N 011 06 105-542.xml","reshenie-fas-rossii-ot-19-06-2026-po-zhalobe-n-011-06-105-542-2026-obstoyatelstva-v-antimonopolnyi-organ-postupilo-obrashchenie-s-zhalo--547d00b7.xml","Решение ФАС России от 19.06.2026 по жалобе N 011/06/105-542/2026 Обстоятельства: В антимонопольный орган поступило обращение с жалобой на действия Заказчика при осуществлении закупки. Заявитель считает, что заказчик выбрал неверный код каталога товаров, не установил ограничения по производству радиоэлектронной продукции, нарушил требования к техническим характеристикам оборудования и ограничил конкуренцию. Решение: Признать жалобу необоснованной.","court-or-authority-decision"
"Федеральный закон от 05_04_2013 N 44-ФЗ (ред_ от 28_12_2025).xml","federalnyi-zakon-ot-05-04-2013-n-44-fz-red-ot-28-12-2025-o-kontraktnoi-sisteme-v-sfere-zakupok-tovarov-rabot-uslug-dlya-obespecheniya-g--f9c8ca4c.xml","Федеральный закон от 05.04.2013 N 44-ФЗ (ред. от 28.12.2025) ""О контрактной системе в сфере закупок товаров, работ, услуг для обеспечения государственных и муниципальных нужд"" (с изм. и доп., вступ. в силу с 01.07.2026)","federal-law"
"Федеральный закон от 06_04_2011 N 63-ФЗ (ред_ от 31_07_2025).xml","federalnyi-zakon-ot-06-04-2011-n-63-fz-red-ot-31-07-2025-ob-elektronnoi-podpisi--6caf7614.xml","Федеральный закон от 06.04.2011 N 63-ФЗ (ред. от 31.07.2025) ""Об электронной подписи","federal-law"
"Федеральный закон от 06_12_2011 N 402-ФЗ (ред_ от 15_12_2025.xml","federalnyi-zakon-ot-06-12-2011-n-402-fz-red-ot-15-12-2025-o-bukhgalterskom-uchete--fcc0b660.xml","Федеральный закон от 06.12.2011 N 402-ФЗ (ред. от 15.12.2025) ""О бухгалтерском учете","federal-law"
"Федеральный закон от 12_04_2010 N 61-ФЗ (ред_ от 29_12_2025).xml","federalnyi-zakon-ot-12-04-2010-n-61-fz-red-ot-29-12-2025-ob-obrashchenii-lekarstvennykh-sredstv-s-izm-i-dop-vstup-v-silu-s-01-03-2026--5af26e08.xml","Федеральный закон от 12.04.2010 N 61-ФЗ (ред. от 29.12.2025) ""Об обращении лекарственных средств"" (с изм. и доп., вступ. в силу с 01.03.2026)","federal-law"
"Федеральный закон от 18_07_2011 N 223-ФЗ (ред_ от 08_08_2024.xml","federalnyi-zakon-ot-18-07-2011-n-223-fz-red-ot-08-08-2024-o-zakupkakh-tovarov-rabot-uslug-otdelnymi-vidami-yuridicheskikh-lits-s-izm-i--86e8fd8d.xml","Федеральный закон от 18.07.2011 N 223-ФЗ (ред. от 08.08.2024) ""О закупках товаров, работ, услуг отдельными видами юридических лиц"" (с изм. и доп., вступ. в силу с 01.01.2025)","federal-law"
"Федеральный закон от 22_12_2020 N 435-ФЗ (ред_ от 25_12_2023.xml","federalnyi-zakon-ot-22-12-2020-n-435-fz-red-ot-25-12-2023-o-publichno-pravovoi-kompanii-edinyi-zakazchik-v-sfere-stroitelstva-i-o-vnese--d71bf702.xml","Федеральный закон от 22.12.2020 N 435-ФЗ (ред. от 25.12.2023) ""О публично-правовой компании ""Единый заказчик в сфере строительства"" и о внесении изменений в отдельные законодательные акты Российской Федерации","federal-law"
"Федеральный закон от 25_12_2008 N 273-ФЗ (ред_ от 28_12_2025.xml","federalnyi-zakon-ot-25-12-2008-n-273-fz-red-ot-28-12-2025-o-protivodeistvii-korruptsii--da724f03.xml","Федеральный закон от 25.12.2008 N 273-ФЗ (ред. от 28.12.2025) ""О противодействии коррупции","federal-law"
